time,battery_voltage,fl,fr,bl,br,x_position,y_position,angle,x_velocity,y_velocity,angular_velocity
0.001492,13.289000,1.000000,-1.000000,-1.000000,1.000000,0.000000,0.000443,-0.000004,-0.000000,0.000000,0.000000
0.028754,13.289000,1.000000,-1.000000,-1.000000,1.000000,0.000000,0.000443,-0.000004,0.000000,0.000000,0.000000
0.055388,8.665000,1.000000,-1.000000,-1.000000,1.000000,0.000000,0.000443,-0.000004,0.000000,0.000000,0.000000
0.082128,8.871000,1.000000,-1.000000,-1.000000,1.000000,-0.004076,-0.791851,-0.000004,-0.040730,-7.922940,-0.255266
0.108630,9.522000,1.000000,-1.000000,-1.000000,1.000000,-0.004076,-0.791851,-0.000004,-0.040730,-7.922940,-0.255266
0.135271,9.871000,1.000000,-1.000000,-1.000000,1.000000,-0.004076,-0.791851,-0.000004,-0.040730,-7.922940,-0.255266
0.162059,9.544000,1.000000,-1.000000,-1.000000,1.000000,-0.004076,-0.791851,-0.000004,-0.040730,-7.922940,-0.255266
0.188876,9.967000,1.000000,-1.000000,-1.000000,1.000000,-0.004076,-0.791851,-0.000004,-0.040730,-7.922940,-0.255266
0.215807,9.967000,1.000000,-1.000000,-1.000000,1.000000,0.158402,-2.374496,-0.015363,1.624847,-15.826436,0.296447
0.242574,10.383000,1.000000,-1.000000,-1.000000,1.000000,0.158402,-2.374496,-0.015363,1.624847,-15.826436,0.296447
0.269347,10.496000,1.000000,-1.000000,-1.000000,1.000000,0.158402,-2.374496,-0.015363,1.624847,-15.826436,0.296447
0.296654,10.689000,1.000000,-1.000000,-1.000000,1.000000,0.158402,-2.374496,-0.015363,1.624847,-15.826436,0.296447
0.326730,10.689000,1.000000,-1.000000,-1.000000,1.000000,0.622288,-4.822269,0.034728,5.014348,-24.403580,0.732600
0.354496,10.780000,1.000000,-1.000000,-1.000000,1.000000,0.622288,-4.822269,0.034728,5.014348,-24.403580,0.732600
0.381687,10.964000,1.000000,-1.000000,-1.000000,1.000000,1.231920,-7.985937,0.070379,4.994189,-31.829280,0.522668
0.408586,10.702000,1.000000,-1.000000,-1.000000,1.000000,1.231920,-7.985937,0.070379,4.994189,-31.829280,0.522668
0.435434,10.702000,1.000000,-1.000000,-1.000000,1.000000,1.231920,-7.985937,0.070379,4.994189,-31.829280,0.522668
0.462245,10.846000,1.000000,-1.000000,-1.000000,1.000000,1.231920,-7.985937,0.070379,4.994189,-31.829280,0.522668
0.489236,10.828000,1.000000,-1.000000,-1.000000,1.000000,1.231920,-7.985937,0.070379,4.994189,-31.829280,0.522668
0.516092,11.056000,1.000000,-1.000000,-1.000000,1.000000,1.231920,-7.985937,0.070379,4.994189,-31.829280,0.522668
0.542996,11.056000,1.000000,-1.000000,-1.000000,1.000000,1.737081,-11.756114,0.115149,2.387870,-37.963670,0.097870
0.569458,11.069000,1.000000,-1.000000,-1.000000,1.000000,1.737081,-11.756114,0.115149,2.387870,-37.963670,0.097870
0.595667,11.143000,1.000000,-1.000000,-1.000000,1.000000,2.345193,-16.202730,0.112965,0.931910,-44.870373,-0.153242
0.621882,11.252000,1.000000,-1.000000,-1.000000,1.000000,2.345193,-16.202730,0.112965,0.931910,-44.870373,-0.153242
0.648313,11.305000,1.000000,-1.000000,-1.000000,1.000000,2.345193,-16.202730,0.112965,0.931910,-44.870373,-0.153242
0.675289,11.226000,1.000000,-1.000000,-1.000000,1.000000,2.345193,-16.202730,0.112965,0.931910,-44.870373,-0.153242
0.702560,11.226000,1.000000,-1.000000,-1.000000,1.000000,2.943932,-20.826246,0.112963,0.737396,-46.615394,-0.079888
0.729342,11.405000,1.000000,-1.000000,-1.000000,1.000000,2.943932,-20.826246,0.112963,0.737396,-46.615394,-0.079888
0.756200,11.278000,1.000000,-1.000000,-1.000000,1.000000,3.530476,-26.107850,0.114810,-0.125527,-53.140594,0.030437
0.783241,11.431000,1.000000,-1.000000,-1.000000,1.000000,3.530476,-26.107850,0.114810,-0.125527,-53.140594,0.030437
0.810755,11.431000,1.000000,-1.000000,-1.000000,1.000000,3.530476,-26.107850,0.114810,-0.125527,-53.140594,0.030437
0.837821,11.436000,1.000000,-1.000000,-1.000000,1.000000,3.530476,-26.107850,0.114810,-0.125527,-53.140594,0.030437
0.864572,11.440000,1.000000,-1.000000,-1.000000,1.000000,3.530476,-26.107850,0.114810,-0.125527,-53.140594,0.030437
0.891370,11.440000,1.000000,-1.000000,-1.000000,1.000000,3.530476,-26.107850,0.114810,-0.125527,-53.140594,0.030437
0.918806,11.506000,1.000000,-1.000000,-1.000000,1.000000,4.150697,-31.454752,0.121510,0.036052,-53.827517,-0.002433
0.945880,11.615000,1.000000,-1.000000,-1.000000,1.000000,4.150697,-31.454752,0.121510,0.036052,-53.827517,-0.002433
0.972693,11.488000,1.000000,-1.000000,-1.000000,1.000000,4.150697,-31.454752,0.121510,0.036052,-53.827517,-0.002433
0.999600,11.488000,1.000000,-1.000000,-1.000000,1.000000,4.150697,-31.454752,0.121510,0.036052,-53.827517,-0.002433
1.027049,11.536000,1.000000,-1.000000,-1.000000,1.000000,4.775637,-36.336087,0.123662,0.286600,-49.210935,0.018808
1.053992,11.528000,1.000000,-1.000000,-1.000000,1.000000,4.775637,-36.336087,0.123662,0.286600,-49.210935,0.018808
1.080883,11.558000,1.000000,-1.000000,-1.000000,1.000000,4.775637,-36.336087,0.123662,0.286600,-49.210935,0.018808
1.107612,11.558000,1.000000,-1.000000,-1.000000,1.000000,5.451487,-41.765294,0.125196,0.010115,-54.711111,-0.000127
1.134571,11.580000,1.000000,-1.000000,-1.000000,1.000000,5.451487,-41.765294,0.125196,0.010115,-54.711111,-0.000127
1.161479,11.558000,1.000000,-1.000000,-1.000000,1.000000,6.089839,-46.771183,0.125927,0.082723,-50.464198,0.026875
1.188206,11.554000,1.000000,-1.000000,-1.000000,1.000000,6.089839,-46.771183,0.125927,0.082723,-50.464198,0.026875
1.214837,11.501000,1.000000,-1.000000,-1.000000,1.000000,6.089839,-46.771183,0.125927,0.082723,-50.464198,0.026875
1.241614,11.484000,1.000000,-1.000000,-1.000000,1.000000,6.089839,-46.771183,0.125927,0.082723,-50.464198,0.026875
1.268279,11.484000,1.000000,-1.000000,-1.000000,1.000000,6.089839,-46.771183,0.125927,0.082723,-50.464198,0.026875
1.295280,11.563000,1.000000,-1.000000,-1.000000,1.000000,6.729452,-51.710937,0.131012,0.141426,-49.809707,0.045133
1.322318,11.528000,1.000000,-1.000000,-1.000000,1.000000,6.729452,-51.710937,0.131012,0.141426,-49.809707,0.045133
1.349289,11.528000,1.000000,-1.000000,-1.000000,1.000000,6.729452,-51.710937,0.131012,0.141426,-49.809707,0.045133
1.376040,11.506000,1.000000,-1.000000,-1.000000,1.000000,6.729452,-51.710937,0.131012,0.141426,-49.809707,0.045133
1.402955,11.532000,1.000000,-1.000000,-1.000000,1.000000,7.489015,-57.261496,0.134689,0.279408,-56.022194,0.048980
1.430183,11.493000,1.000000,-1.000000,-1.000000,1.000000,7.489015,-57.261496,0.134689,0.279408,-56.022194,0.048980
1.458034,11.493000,1.000000,-1.000000,-1.000000,1.000000,7.489015,-57.261496,0.134689,0.279408,-56.022194,0.048980
1.486002,11.501000,1.000000,-1.000000,-1.000000,1.000000,7.489015,-57.261496,0.134689,0.279408,-56.022194,0.048980
1.513021,11.479000,0.000000,0.000000,0.000000,0.000000,8.184209,-62.491631,0.136631,-0.134142,-52.761187,-0.080986
1.539766,12.170000,0.000000,0.000000,0.000000,0.000000,8.184209,-62.491631,0.136631,-0.134142,-52.761187,-0.080986
1.566701,12.170000,0.000000,0.000000,0.000000,0.000000,8.184209,-62.491631,0.136631,-0.134142,-52.761187,-0.080986
1.593182,13.153000,0.000000,0.000000,0.000000,0.000000,8.865906,-67.407792,0.137849,0.057328,-49.631961,-0.016624
1.619469,13.175000,0.000000,0.000000,0.000000,0.000000,8.865906,-67.407792,0.137849,0.057328,-49.631961,-0.016624
1.645855,13.184000,0.000000,0.000000,0.000000,0.000000,8.865906,-67.407792,0.137849,0.057328,-49.631961,-0.016624
1.672410,13.193000,0.000000,0.000000,0.000000,0.000000,8.865906,-67.407792,0.137849,0.057328,-49.631961,-0.016624
1.699291,13.193000,0.000000,0.000000,0.000000,0.000000,8.865906,-67.407792,0.137849,0.057328,-49.631961,-0.016624
1.726563,13.197000,0.000000,0.000000,0.000000,0.000000,9.403112,-71.371753,0.148322,-0.125907,-40.001776,-0.004804
1.753990,13.206000,0.000000,0.000000,0.000000,0.000000,9.403112,-71.371753,0.148322,-0.125907,-40.001776,-0.004804
1.780967,13.206000,0.000000,0.000000,0.000000,0.000000,9.824715,-74.379968,0.148749,-0.275772,-30.374904,-0.089850
1.807602,13.201000,0.000000,0.000000,0.000000,0.000000,9.824715,-74.379968,0.148749,-0.275772,-30.374904,-0.089850
1.834323,13.201000,0.000000,0.000000,0.000000,0.000000,9.824715,-74.379968,0.148749,-0.275772,-30.374904,-0.089850
1.860931,13.214000,0.000000,0.000000,0.000000,0.000000,9.824715,-74.379968,0.148749,-0.275772,-30.374904,-0.089850
1.887710,13.214000,0.000000,0.000000,0.000000,0.000000,9.824715,-74.379968,0.148749,-0.275772,-30.374904,-0.089850
1.914625,13.214000,0.000000,0.000000,0.000000,0.000000,10.139236,-76.572893,0.139374,-0.139468,-22.153215,-0.090508
1.941211,13.214000,0.000000,0.000000,0.000000,0.000000,10.139236,-76.572893,0.139374,-0.139468,-22.153215,-0.090508
1.968141,13.219000,0.000000,0.000000,0.000000,0.000000,10.139236,-76.572893,0.139374,-0.139468,-22.153215,-0.090508
1.995236,13.223000,0.000000,0.000000,0.000000,0.000000,10.338515,-77.784560,0.119733,0.290178,-12.276021,-0.086330
2.021849,13.223000,0.000000,0.000000,0.000000,0.000000,10.338515,-77.784560,0.119733,0.290178,-12.276021,-0.086330
2.048418,13.201000,0.000000,0.000000,0.000000,0.000000,10.338515,-77.784560,0.119733,0.290178,-12.276021,-0.086330
2.074940,13.206000,0.000000,0.000000,0.000000,0.000000,10.401706,-77.941237,0.110680,0.440246,-1.631029,-0.123784
2.101527,13.206000,0.000000,0.000000,0.000000,0.000000,10.401706,-77.941237,0.110680,0.440246,-1.631029,-0.123784
2.128159,13.206000,0.000000,0.000000,0.000000,0.000000,10.401706,-77.941237,0.110680,0.440246,-1.631029,-0.123784
2.154847,13.210000,0.000000,0.000000,0.000000,0.000000,10.401706,-77.941237,0.110680,0.440246,-1.631029,-0.123784
2.181502,13.210000,0.000000,0.000000,0.000000,0.000000,10.387117,-77.870763,0.099376,-0.067155,0.716544,0.033935
2.208132,13.210000,0.000000,0.000000,0.000000,0.000000,10.387117,-77.870763,0.099376,-0.067155,0.716544,0.033935
2.235105,13.214000,0.000000,0.000000,0.000000,0.000000,10.387117,-77.870763,0.099376,-0.067155,0.716544,0.033935
2.262000,13.214000,0.000000,0.000000,0.000000,0.000000,10.387117,-77.870763,0.099376,-0.067155,0.716544,0.033935
2.288825,13.210000,0.000000,0.000000,0.000000,0.000000,10.387117,-77.870763,0.099376,-0.067155,0.716544,0.033935
2.315678,13.214000,0.000000,0.000000,0.000000,0.000000,10.385052,-77.874736,0.101512,-0.024494,-0.037484,0.007798
2.342414,13.201000,0.000000,0.000000,0.000000,0.000000,10.385052,-77.874736,0.101512,-0.024494,-0.037484,0.007798
2.369134,13.219000,0.000000,0.000000,0.000000,0.000000,10.385052,-77.874736,0.101512,-0.024494,-0.037484,0.007798
2.395772,13.219000,0.000000,0.000000,0.000000,0.000000,10.384864,-77.873444,0.101513,-0.000562,0.013044,0.000187
2.422946,13.219000,0.000000,0.000000,0.000000,0.000000,10.384864,-77.873444,0.101513,-0.000562,0.013044,0.000187
2.450684,13.219000,0.000000,0.000000,0.000000,0.000000,10.384878,-77.873541,0.101519,0.000038,-0.000988,-0.000013
2.478246,13.219000,0.000000,0.000000,0.000000,0.000000,10.384878,-77.873541,0.101519,0.000038,-0.000988,-0.000013
2.506100,13.219000,0.000000,0.000000,0.000000,0.000000,10.384878,-77.873541,0.101519,0.000038,-0.000988,-0.000013
2.532956,13.236000,0.000000,0.000000,0.000000,0.000000,10.384878,-77.873541,0.101519,0.000038,-0.000988,-0.000013
2.560491,13.236000,0.000000,0.000000,0.000000,0.000000,10.384878,-77.873541,0.101519,0.000038,-0.000988,-0.000013
2.587730,13.236000,0.000000,0.000000,0.000000,0.000000,10.384878,-77.873541,0.101519,0.000038,-0.000988,-0.000013
2.614570,13.236000,0.000000,0.000000,0.000000,0.000000,10.384877,-77.873540,0.101577,-0.000001,0.000017,0.000000
2.641726,13.241000,0.000000,0.000000,0.000000,0.000000,10.384877,-77.873540,0.101577,-0.000001,0.000017,0.000000
2.669269,13.241000,0.000000,0.000000,0.000000,0.000000,10.384877,-77.873540,0.101520,-0.000000,0.000000,0.000000
2.696740,13.241000,0.000000,0.000000,0.000000,0.000000,10.384877,-77.873540,0.101520,-0.000000,0.000000,0.000000
2.725055,13.241000,0.000000,0.000000,0.000000,0.000000,10.384877,-77.873540,0.101520,-0.000000,0.000000,0.000000
2.752224,13.241000,0.000000,0.000000,0.000000,0.000000,10.384877,-77.873540,0.101520,-0.000000,0.000000,0.000000
2.778993,13.241000,0.000000,0.000000,0.000000,0.000000,10.384877,-77.873540,0.101520,-0.000000,0.000000,0.000000
2.806105,13.241000,0.000000,0.000000,0.000000,0.000000,10.384877,-77.873540,0.101520,-0.000000,0.000000,0.000000
2.833528,13.241000,0.000000,0.000000,0.000000,0.000000,10.384877,-77.873540,0.101512,0.000000,-0.000000,-0.000000
2.860423,13.232000,0.000000,0.000000,0.000000,0.000000,10.384877,-77.873540,0.101512,0.000000,-0.000000,-0.000000
2.887705,13.241000,0.000000,0.000000,0.000000,0.000000,10.384877,-77.873540,0.101512,0.000000,-0.000000,-0.000000
2.915156,13.249000,0.000000,0.000000,0.000000,0.000000,10.384877,-77.873540,0.101512,0.000000,-0.000000,-0.000000
2.942575,13.245000,0.000000,0.000000,0.000000,0.000000,10.384877,-77.873540,0.101512,0.000000,-0.000000,-0.000000
2.971550,13.245000,0.000000,0.000000,0.000000,0.000000,10.384877,-77.873540,0.101512,0.000000,-0.000000,-0.000000
2.998966,13.245000,0.000000,0.000000,0.000000,0.000000,10.384877,-77.873540,0.101512,0.000000,-0.000000,-0.000000
3.026658,13.236000,0.000000,0.000000,0.000000,0.000000,10.384877,-77.873540,0.101512,-0.000000,-0.000000,0.000000
3.054345,13.227000,0.000000,0.000000,0.000000,0.000000,10.384877,-77.873540,0.101512,-0.000000,0.000000,0.000000
3.081623,13.227000,0.000000,0.000000,0.000000,0.000000,10.384877,-77.873540,0.101512,-0.000000,0.000000,0.000000
3.108803,13.232000,0.000000,0.000000,0.000000,0.000000,10.384877,-77.873540,0.101512,-0.000000,0.000000,0.000000
3.136057,13.227000,0.000000,0.000000,0.000000,0.000000,10.384877,-77.873540,0.101512,-0.000000,0.000000,0.000000
3.163332,13.232000,0.000000,0.000000,0.000000,0.000000,10.384877,-77.873540,0.101576,-0.000000,0.000000,0.000000
3.190510,13.232000,0.000000,0.000000,0.000000,0.000000,10.384877,-77.873540,0.101576,-0.000000,0.000000,0.000000
3.217340,13.232000,0.000000,0.000000,0.000000,0.000000,10.384877,-77.873540,0.101576,-0.000000,0.000000,0.000000
3.244146,13.232000,0.000000,0.000000,0.000000,0.000000,10.384877,-77.873540,0.101576,-0.000000,0.000000,0.000000
3.270996,13.236000,0.000000,0.000000,0.000000,0.000000,10.384877,-77.873540,0.101576,-0.000000,0.000000,0.000000
3.297942,13.232000,0.000000,0.000000,0.000000,0.000000,10.384877,-77.873540,0.101512,0.000000,-0.000000,-0.000000
3.324884,13.232000,0.000000,0.000000,0.000000,0.000000,10.384877,-77.873540,0.101512,0.000000,-0.000000,-0.000000
3.352824,13.236000,0.000000,0.000000,0.000000,0.000000,10.384877,-77.873540,0.101512,0.000000,-0.000000,-0.000000
3.379687,13.236000,0.000000,0.000000,0.000000,0.000000,10.384877,-77.873540,0.101512,-0.000000,0.000000,0.000000
3.406550,13.232000,0.000000,0.000000,0.000000,0.000000,10.384877,-77.873540,0.101512,-0.000000,0.000000,0.000000
3.433407,13.236000,0.000000,0.000000,0.000000,0.000000,10.384877,-77.873540,0.101512,-0.000000,0.000000,0.000000
3.461393,13.232000,0.000000,0.000000,0.000000,0.000000,10.384877,-77.873540,0.101512,-0.000000,0.000000,0.000000
3.488831,13.232000,0.000000,0.000000,0.000000,0.000000,10.384877,-77.873540,0.101512,-0.000000,0.000000,0.000000
3.516394,13.232000,0.000000,0.000000,0.000000,0.000000,10.384877,-77.873540,0.101512,-0.000000,0.000000,0.000000
3.544000,13.236000,0.000000,0.000000,0.000000,0.000000,10.384877,-77.873540,0.101512,-0.000000,0.000000,0.000000
3.571513,13.236000,0.000000,0.000000,0.000000,0.000000,10.384877,-77.873540,0.101512,0.000000,0.000000,-0.000000
3.598737,13.241000,0.000000,0.000000,0.000000,0.000000,10.384877,-77.873540,0.101512,0.000000,0.000000,-0.000000
3.625425,13.254000,0.000000,0.000000,0.000000,0.000000,10.384877,-77.873540,0.101512,0.000000,0.000000,-0.000000
3.652268,13.254000,0.000000,0.000000,0.000000,0.000000,10.384877,-77.873540,0.101512,0.000000,0.000000,-0.000000
3.679218,13.254000,0.000000,0.000000,0.000000,0.000000,10.384877,-77.873540,0.101512,-0.000000,-0.000000,0.000000
3.706712,13.254000,0.000000,0.000000,0.000000,0.000000,10.384877,-77.873540,0.101512,-0.000000,-0.000000,0.000000
3.733888,13.254000,0.000000,0.000000,0.000000,0.000000,10.384877,-77.873540,0.101512,-0.000000,-0.000000,0.000000
3.760646,13.254000,0.000000,0.000000,0.000000,0.000000,10.384877,-77.873540,0.101512,-0.000000,-0.000000,0.000000
3.787730,13.254000,0.000000,0.000000,0.000000,0.000000,10.384877,-77.873540,0.101512,-0.000000,-0.000000,0.000000
3.815434,13.254000,0.000000,0.000000,0.000000,0.000000,10.384877,-77.873540,0.101512,-0.000000,-0.000000,0.000000
3.842668,13.254000,0.000000,0.000000,0.000000,0.000000,10.384877,-77.873540,0.101512,-0.000000,-0.000000,0.000000
3.870383,13.254000,0.000000,0.000000,0.000000,0.000000,10.384877,-77.873540,0.101512,-0.000000,0.000000,0.000000
3.897396,13.254000,0.000000,0.000000,0.000000,0.000000,10.384877,-77.873540,0.101512,-0.000000,0.000000,0.000000
3.924707,13.258000,0.000000,0.000000,0.000000,0.000000,10.384877,-77.873540,0.101512,-0.000000,0.000000,0.000000
3.952474,13.258000,0.000000,0.000000,0.000000,0.000000,10.384877,-77.873540,0.101512,-0.000000,0.000000,0.000000
3.979843,13.258000,0.000000,0.000000,0.000000,0.000000,10.384877,-77.873540,0.101512,-0.000000,0.000000,0.000000
4.007079,13.254000,0.000000,0.000000,0.000000,0.000000,10.384877,-77.873540,0.101512,0.000000,0.000000,-0.000000
4.034733,13.258000,0.000000,0.000000,0.000000,0.000000,10.384877,-77.873540,0.101512,0.000000,0.000000,-0.000000
4.062442,13.254000,0.000000,0.000000,0.000000,0.000000,10.384877,-77.873540,0.101512,0.000000,-0.000000,-0.000000
4.092341,13.241000,0.000000,0.000000,0.000000,0.000000,10.384877,-77.873540,0.101512,0.000000,-0.000000,-0.000000
4.119821,13.241000,0.000000,0.000000,0.000000,0.000000,10.384877,-77.873540,0.101512,0.000000,-0.000000,-0.000000
4.146607,13.232000,0.000000,0.000000,0.000000,0.000000,10.384877,-77.873540,0.101512,0.000000,-0.000000,-0.000000
4.172839,13.227000,0.000000,0.000000,0.000000,0.000000,10.384877,-77.873540,0.101512,0.000000,-0.000000,-0.000000
4.199045,13.232000,0.000000,0.000000,0.000000,0.000000,10.384877,-77.873540,0.101512,0.000000,-0.000000,-0.000000
4.225191,13.241000,0.000000,0.000000,0.000000,0.000000,10.384877,-77.873540,0.101512,0.000000,-0.000000,-0.000000
4.251403,13.241000,0.000000,0.000000,0.000000,0.000000,10.384877,-77.873540,0.101512,0.000000,-0.000000,-0.000000
4.277958,13.241000,0.000000,0.000000,0.000000,0.000000,10.384877,-77.873540,0.101512,0.000000,0.000000,-0.000000
4.304605,13.236000,0.000000,0.000000,0.000000,0.000000,10.384877,-77.873540,0.101512,0.000000,0.000000,-0.000000
4.331516,13.245000,0.000000,0.000000,0.000000,0.000000,10.384877,-77.873540,0.101512,0.000000,0.000000,-0.000000
4.358608,13.245000,0.000000,0.000000,0.000000,0.000000,10.384877,-77.873540,0.101512,0.000000,0.000000,-0.000000
4.385319,13.241000,0.000000,0.000000,0.000000,0.000000,10.384877,-77.873540,0.101512,0.000000,-0.000000,-0.000000
4.412321,13.245000,0.000000,0.000000,0.000000,0.000000,10.384877,-77.873540,0.101512,0.000000,-0.000000,-0.000000
4.439272,13.245000,0.000000,0.000000,0.000000,0.000000,10.384877,-77.873540,0.101512,0.000000,-0.000000,-0.000000
4.466679,13.245000,0.000000,0.000000,0.000000,0.000000,10.384877,-77.873540,0.101512,-0.000000,-0.000000,0.000000
4.494140,13.245000,0.000000,0.000000,0.000000,0.000000,10.384877,-77.873540,0.101512,-0.000000,-0.000000,0.000000
4.521491,13.245000,0.000000,0.000000,0.000000,0.000000,10.384877,-77.873540,0.101512,-0.000000,-0.000000,0.000000
4.548125,13.241000,0.000000,0.000000,0.000000,0.000000,10.384877,-77.873540,0.101512,-0.000000,-0.000000,0.000000
4.574702,13.241000,0.000000,0.000000,0.000000,0.000000,10.384877,-77.873540,0.101512,-0.000000,-0.000000,0.000000
4.601429,13.245000,0.000000,0.000000,0.000000,0.000000,10.384877,-77.873540,0.101512,-0.000000,-0.000000,-0.000000
4.628258,13.258000,0.000000,0.000000,0.000000,0.000000,10.384877,-77.873540,0.101512,-0.000000,-0.000000,-0.000000
4.655287,13.258000,0.000000,0.000000,0.000000,0.000000,10.384877,-77.873540,0.101512,-0.000000,-0.000000,-0.000000
4.682268,13.258000,0.000000,0.000000,0.000000,0.000000,10.384877,-77.873540,0.101512,-0.000000,0.000000,-0.000000
4.710631,13.258000,0.000000,0.000000,0.000000,0.000000,10.384877,-77.873540,0.101512,-0.000000,0.000000,-0.000000
4.737731,13.262000,0.000000,0.000000,0.000000,0.000000,10.384877,-77.873540,0.101512,-0.000000,0.000000,-0.000000
4.764482,13.258000,0.000000,0.000000,0.000000,0.000000,10.384877,-77.873540,0.101512,0.000000,-0.000000,-0.000000
4.791470,13.262000,0.000000,0.000000,0.000000,0.000000,10.384877,-77.873540,0.101512,0.000000,-0.000000,-0.000000
4.818765,13.262000,0.000000,0.000000,0.000000,0.000000,10.384877,-77.873540,0.101512,0.000000,-0.000000,-0.000000
4.846128,13.262000,0.000000,0.000000,0.000000,0.000000,10.384877,-77.873540,0.101512,0.000000,-0.000000,-0.000000
4.873728,13.262000,0.000000,0.000000,0.000000,0.000000,10.384877,-77.873540,0.101512,-0.000000,-0.000000,0.000000
4.900501,13.262000,0.000000,0.000000,0.000000,0.000000,10.384877,-77.873540,0.101512,-0.000000,-0.000000,0.000000
4.927538,13.262000,0.000000,0.000000,0.000000,0.000000,10.384877,-77.873540,0.101512,-0.000000,-0.000000,0.000000
4.954801,13.262000,0.000000,0.000000,0.000000,0.000000,10.384877,-77.873540,0.101512,-0.000000,-0.000000,0.000000
4.981802,13.262000,0.000000,0.000000,0.000000,0.000000,10.384877,-77.873540,0.101512,-0.000000,-0.000000,0.000000
5.008520,13.258000,0.000000,0.000000,0.000000,0.000000,10.384877,-77.873540,0.101512,0.000000,-0.000000,-0.000000
5.035098,13.262000,0.000000,0.000000,0.000000,0.000000,10.384877,-77.873540,0.101512,0.000000,-0.000000,-0.000000
5.062165,13.262000,0.000000,0.000000,0.000000,0.000000,10.384877,-77.873540,0.101512,0.000000,-0.000000,-0.000000
5.089693,13.258000,0.000000,0.000000,0.000000,0.000000,10.384877,-77.873540,0.101512,-0.000000,-0.000000,0.000000
5.117273,13.249000,0.000000,0.000000,0.000000,0.000000,10.384877,-77.873540,0.101512,-0.000000,-0.000000,0.000000
5.144136,13.249000,0.000000,0.000000,0.000000,0.000000,10.384877,-77.873540,0.101512,-0.000000,-0.000000,0.000000
5.171094,13.245000,0.000000,0.000000,0.000000,0.000000,10.384877,-77.873540,0.101512,-0.000000,-0.000000,0.000000
5.198341,13.245000,0.000000,0.000000,0.000000,0.000000,10.384877,-77.873540,0.101512,-0.000000,-0.000000,0.000000
5.225573,13.245000,0.000000,0.000000,0.000000,0.000000,10.384877,-77.873540,0.101512,-0.000000,-0.000000,0.000000
5.252991,13.249000,0.000000,0.000000,0.000000,0.000000,10.384877,-77.873540,0.101512,-0.000000,-0.000000,0.000000
5.280591,13.249000,0.000000,0.000000,0.000000,0.000000,10.384877,-77.873540,0.101512,-0.000000,-0.000000,0.000000
5.307726,13.245000,0.000000,0.000000,0.000000,0.000000,10.384877,-77.873540,0.101512,0.000000,0.000000,-0.000000
5.334453,13.245000,0.000000,0.000000,0.000000,0.000000,10.384877,-77.873540,0.101512,0.000000,0.000000,-0.000000
5.361119,13.236000,0.000000,0.000000,0.000000,0.000000,10.384877,-77.873540,0.101512,-0.000000,0.000000,0.000000
5.387820,13.245000,0.000000,0.000000,0.000000,0.000000,10.384877,-77.873540,0.101512,-0.000000,0.000000,0.000000
5.414864,13.245000,0.000000,0.000000,0.000000,0.000000,10.384877,-77.873540,0.101512,-0.000000,0.000000,0.000000
5.441585,13.241000,0.000000,0.000000,0.000000,0.000000,10.384877,-77.873540,0.101512,-0.000000,0.000000,0.000000
5.468338,13.249000,0.000000,0.000000,0.000000,0.000000,10.384877,-77.873540,0.101512,-0.000000,0.000000,0.000000
5.495028,13.249000,0.000000,0.000000,0.000000,0.000000,10.384877,-77.873540,0.101512,-0.000000,0.000000,0.000000
5.521844,13.249000,0.000000,0.000000,0.000000,0.000000,10.384877,-77.873540,0.101512,0.000000,0.000000,0.000000
5.548660,13.245000,0.000000,0.000000,0.000000,0.000000,10.384877,-77.873540,0.101512,0.000000,0.000000,0.000000
5.575401,13.245000,0.000000,0.000000,0.000000,0.000000,10.384877,-77.873540,0.101512,-0.000000,0.000000,0.000000
5.602422,13.249000,0.000000,0.000000,0.000000,0.000000,10.384877,-77.873540,0.101512,-0.000000,0.000000,0.000000
5.629517,13.249000,0.000000,0.000000,0.000000,0.000000,10.384877,-77.873540,0.101512,-0.000000,0.000000,0.000000
5.656654,13.249000,0.000000,0.000000,0.000000,0.000000,10.384877,-77.873540,0.101512,-0.000000,0.000000,0.000000
5.684437,13.262000,0.000000,0.000000,0.000000,0.000000,10.384877,-77.873540,0.101512,-0.000000,0.000000,0.000000
5.711776,13.267000,0.000000,0.000000,0.000000,0.000000,10.384877,-77.873540,0.101512,-0.000000,0.000000,0.000000
5.739057,13.267000,0.000000,0.000000,0.000000,0.000000,10.384877,-77.873540,0.101512,-0.000000,0.000000,0.000000
5.766491,13.267000,0.000000,0.000000,0.000000,0.000000,10.384877,-77.873540,0.101512,-0.000000,0.000000,0.000000
5.793800,13.267000,0.000000,0.000000,0.000000,0.000000,10.384877,-77.873540,0.101512,0.000000,-0.000000,-0.000000
5.822124,13.262000,0.000000,0.000000,0.000000,0.000000,10.384877,-77.873540,0.101512,0.000000,-0.000000,-0.000000
5.849685,13.267000,0.000000,0.000000,0.000000,0.000000,10.384877,-77.873540,0.101512,0.000000,-0.000000,-0.000000
5.876950,13.267000,0.000000,0.000000,0.000000,0.000000,10.384877,-77.873540,0.101512,-0.000000,-0.000000,0.000000
5.904080,13.267000,0.000000,0.000000,0.000000,0.000000,10.384877,-77.873540,0.101512,-0.000000,-0.000000,0.000000
5.931309,13.262000,0.000000,0.000000,0.000000,0.000000,10.384877,-77.873540,0.101512,-0.000000,-0.000000,0.000000
5.958588,13.267000,0.000000,0.000000,0.000000,0.000000,10.384877,-77.873540,0.101512,-0.000000,-0.000000,0.000000
5.985851,13.267000,0.000000,0.000000,0.000000,0.000000,10.384877,-77.873540,0.101512,-0.000000,-0.000000,0.000000
6.013713,13.267000,0.000000,0.000000,0.000000,0.000000,10.384877,-77.873540,0.101512,-0.000000,-0.000000,0.000000
6.040921,13.267000,0.000000,0.000000,0.000000,0.000000,10.384877,-77.873540,0.101512,-0.000000,-0.000000,0.000000
6.067662,13.262000,0.000000,0.000000,0.000000,0.000000,10.384877,-77.873540,0.101512,0.000000,-0.000000,0.000000
6.097581,13.262000,0.000000,0.000000,0.000000,0.000000,10.384877,-77.873540,0.101512,0.000000,-0.000000,0.000000
6.125071,13.258000,0.000000,0.000000,0.000000,0.000000,10.384877,-77.873540,0.101512,0.000000,-0.000000,0.000000
6.152397,13.258000,0.000000,0.000000,0.000000,0.000000,10.384877,-77.873540,0.101512,0.000000,-0.000000,0.000000
6.179123,13.249000,0.000000,0.000000,0.000000,0.000000,10.384877,-77.873540,0.101512,0.000000,-0.000000,0.000000
6.205821,13.245000,0.000000,0.000000,0.000000,0.000000,10.384877,-77.873540,0.101512,0.000000,-0.000000,0.000000
6.232624,13.254000,0.000000,0.000000,0.000000,0.000000,10.384877,-77.873540,0.101512,-0.000000,0.000000,-0.000000
6.259350,13.254000,0.000000,0.000000,0.000000,0.000000,10.384877,-77.873540,0.101512,-0.000000,0.000000,-0.000000
6.286116,13.249000,0.000000,0.000000,0.000000,0.000000,10.384877,-77.873540,0.101512,0.000000,0.000000,0.000000
6.312887,13.249000,0.000000,0.000000,0.000000,0.000000,10.384877,-77.873540,0.101512,0.000000,0.000000,0.000000
6.339887,13.249000,0.000000,0.000000,0.000000,0.000000,10.384877,-77.873540,0.101512,0.000000,0.000000,0.000000
6.367193,13.249000,0.000000,0.000000,0.000000,0.000000,10.384877,-77.873540,0.101512,0.000000,0.000000,-0.000000
6.393767,13.245000,0.000000,0.000000,0.000000,0.000000,10.384877,-77.873540,0.101512,0.000000,0.000000,-0.000000
6.420084,13.249000,0.000000,0.000000,0.000000,0.000000,10.384877,-77.873540,0.101512,0.000000,0.000000,-0.000000
6.447179,13.245000,0.000000,0.000000,0.000000,0.000000,10.384877,-77.873540,0.101512,0.000000,0.000000,-0.000000
6.474057,13.245000,0.000000,0.000000,0.000000,0.000000,10.384877,-77.873540,0.101512,0.000000,0.000000,-0.000000
6.500861,13.245000,0.000000,0.000000,0.000000,0.000000,10.384877,-77.873540,0.101512,0.000000,-0.000000,-0.000000
6.528016,13.249000,-1.000000,1.000000,1.000000,-1.000000,10.384877,-77.873540,0.101512,0.000000,-0.000000,-0.000000
6.555100,11.414000,-1.000000,1.000000,1.000000,-1.000000,10.384877,-77.873540,0.101512,0.000000,-0.000000,-0.000000
6.582484,11.414000,-1.000000,1.000000,1.000000,-1.000000,10.375750,-77.852645,0.101512,-0.069633,0.217122,0.022572
6.611827,9.360000,-1.000000,1.000000,1.000000,-1.000000,10.375750,-77.852645,0.101512,-0.069633,0.217122,0.022572
6.639871,9.482000,-1.000000,1.000000,1.000000,-1.000000,10.375750,-77.852645,0.101512,-0.069633,0.217122,0.022572
6.666519,9.718000,-1.000000,1.000000,1.000000,-1.000000,10.220612,-76.478497,0.118725,-0.150865,13.827956,0.024494
6.693089,9.762000,-1.000000,1.000000,1.000000,-1.000000,10.220612,-76.478497,0.118725,-0.150865,13.827956,0.024494
6.719733,9.762000,-1.000000,1.000000,1.000000,-1.000000,10.220612,-76.478497,0.118725,-0.150865,13.827956,0.024494
6.746378,10.077000,-1.000000,1.000000,1.000000,-1.000000,10.220612,-76.478497,0.118725,-0.150865,13.827956,0.024494
6.772999,10.273000,-1.000000,1.000000,1.000000,-1.000000,10.220612,-76.478497,0.118725,-0.150865,13.827956,0.024494
6.799833,10.225000,-1.000000,1.000000,1.000000,-1.000000,9.904384,-73.813414,0.140057,0.016687,26.837775,0.004523
6.827198,10.396000,-1.000000,1.000000,1.000000,-1.000000,9.904384,-73.813414,0.140057,0.016687,26.837775,0.004523
6.854695,10.557000,-1.000000,1.000000,1.000000,-1.000000,9.904384,-73.813414,0.140057,0.016687,26.837775,0.004523
6.882593,10.557000,-1.000000,1.000000,1.000000,-1.000000,9.904384,-73.813414,0.140057,0.016687,26.837775,0.004523
6.911034,10.680000,-1.000000,1.000000,1.000000,-1.000000,9.418869,-70.700216,0.147654,-0.461596,31.504914,-0.149601
6.937764,10.767000,-1.000000,1.000000,1.000000,-1.000000,9.418869,-70.700216,0.147654,-0.461596,31.504914,-0.149601
6.964291,10.959000,-1.000000,1.000000,1.000000,-1.000000,8.794637,-66.944619,0.153951,-0.649231,38.065688,-0.036133
6.991104,10.959000,-1.000000,1.000000,1.000000,-1.000000,8.794637,-66.944619,0.153951,-0.649231,38.065688,-0.036133
7.017914,11.051000,-1.000000,1.000000,1.000000,-1.000000,8.794637,-66.944619,0.153951,-0.649231,38.065688,-0.036133
7.044894,11.051000,-1.000000,1.000000,1.000000,-1.000000,8.794637,-66.944619,0.153951,-0.649231,38.065688,-0.036133
7.074314,11.086000,-1.000000,1.000000,1.000000,-1.000000,8.794637,-66.944619,0.153951,-0.649231,38.065688,-0.036133
7.101701,11.108000,-1.000000,1.000000,1.000000,-1.000000,8.074919,-62.644175,0.163247,-0.517583,43.599463,-0.116077
7.128842,11.200000,-1.000000,1.000000,1.000000,-1.000000,8.074919,-62.644175,0.163247,-0.517583,43.599463,-0.116077
7.156041,11.200000,-1.000000,1.000000,1.000000,-1.000000,8.074919,-62.644175,0.163247,-0.517583,43.599463,-0.116077
7.183781,11.200000,-1.000000,1.000000,1.000000,-1.000000,7.390011,-58.430807,0.168415,0.089683,42.686631,-0.037332
7.210394,11.379000,-1.000000,1.000000,1.000000,-1.000000,7.390011,-58.430807,0.168415,0.089683,42.686631,-0.037332
7.237280,11.379000,-1.000000,1.000000,1.000000,-1.000000,7.390011,-58.430807,0.168415,0.089683,42.686631,-0.037332
7.264599,11.213000,-1.000000,1.000000,1.000000,-1.000000,7.390011,-58.430807,0.168415,0.089683,42.686631,-0.037332
7.291902,11.362000,-1.000000,1.000000,1.000000,-1.000000,7.390011,-58.430807,0.168415,0.089683,42.686631,-0.037332
7.318754,11.296000,-1.000000,1.000000,1.000000,-1.000000,6.649570,-53.912260,0.172598,0.274347,45.787298,0.035137
7.345592,11.445000,-1.000000,1.000000,1.000000,-1.000000,6.649570,-53.912260,0.172598,0.274347,45.787298,0.035137
7.372835,11.445000,-1.000000,1.000000,1.000000,-1.000000,5.782768,-48.937537,0.176280,0.004471,50.496751,0.045588
7.400002,11.379000,-1.000000,1.000000,1.000000,-1.000000,5.782768,-48.937537,0.176280,0.004471,50.496751,0.045588
7.427492,11.431000,-1.000000,1.000000,1.000000,-1.000000,5.782768,-48.937537,0.176280,0.004471,50.496751,0.045588
7.454642,11.541000,-1.000000,1.000000,1.000000,-1.000000,5.782768,-48.937537,0.176280,0.004471,50.496751,0.045588
7.482004,11.348000,-1.000000,1.000000,1.000000,-1.000000,5.012509,-44.070009,0.181131,0.952885,49.271744,0.088675
7.508965,11.348000,-1.000000,1.000000,1.000000,-1.000000,5.012509,-44.070009,0.181131,0.952885,49.271744,0.088675
7.535963,11.523000,-1.000000,1.000000,1.000000,-1.000000,5.012509,-44.070009,0.181131,0.952885,49.271744,0.088675
7.563206,11.414000,-1.000000,1.000000,1.000000,-1.000000,4.081456,-38.939877,0.189825,0.083340,52.139280,0.004925
7.590106,11.475000,-1.000000,1.000000,1.000000,-1.000000,4.081456,-38.939877,0.189825,0.083340,52.139280,0.004925
7.616912,11.558000,-1.000000,1.000000,1.000000,-1.000000,4.081456,-38.939877,0.189825,0.083340,52.139280,0.004925
7.647162,11.431000,-1.000000,1.000000,1.000000,-1.000000,4.081456,-38.939877,0.189825,0.083340,52.139280,0.004925
7.673218,11.589000,-1.000000,1.000000,1.000000,-1.000000,3.157557,-34.122660,0.194256,0.016423,49.050143,0.010804
7.699454,11.589000,-1.000000,1.000000,1.000000,-1.000000,3.157557,-34.122660,0.194256,0.016423,49.050143,0.010804
7.725429,11.396000,-1.000000,1.000000,1.000000,-1.000000,3.157557,-34.122660,0.194256,0.016423,49.050143,0.010804
7.751329,11.563000,-1.000000,1.000000,1.000000,-1.000000,3.157557,-34.122660,0.194256,0.016423,49.050143,0.010804
7.778442,11.510000,-1.000000,1.000000,1.000000,-1.000000,2.233857,-29.290056,0.200549,0.265420,49.200182,0.009841
7.804962,11.571000,-1.000000,1.000000,1.000000,-1.000000,2.233857,-29.290056,0.200549,0.265420,49.200182,0.009841
7.831506,11.501000,-1.000000,1.000000,1.000000,-1.000000,2.233857,-29.290056,0.200549,0.265420,49.200182,0.009841
7.858732,11.501000,-1.000000,1.000000,1.000000,-1.000000,2.233857,-29.290056,0.200549,0.265420,49.200182,0.009841
7.886269,11.497000,-1.000000,1.000000,1.000000,-1.000000,1.263155,-24.516599,0.207313,-0.003406,48.711549,-0.011498
7.914560,11.436000,-1.000000,1.000000,1.000000,-1.000000,1.263155,-24.516599,0.207313,-0.003406,48.711549,-0.011498
7.941679,11.445000,-1.000000,1.000000,1.000000,-1.000000,1.263155,-24.516599,0.207313,-0.003406,48.711549,-0.011498
7.968785,11.445000,-1.000000,1.000000,1.000000,-1.000000,1.263155,-24.516599,0.207313,-0.003406,48.711549,-0.011498
7.995499,11.528000,-1.000000,1.000000,1.000000,-1.000000,0.336524,-20.110416,0.210520,0.001389,45.025656,0.032687
8.022135,11.528000,-1.000000,1.000000,1.000000,-1.000000,0.336524,-20.110416,0.210520,0.001389,45.025656,0.032687
8.049217,11.449000,0.000000,0.000000,0.000000,0.000000,0.336524,-20.110416,0.210520,0.001389,45.025656,0.032687
8.075811,11.497000,0.000000,0.000000,0.000000,0.000000,-0.623769,-15.501061,0.213292,0.241196,47.082621,-0.077081
8.102245,12.952000,0.000000,0.000000,0.000000,0.000000,-0.623769,-15.501061,0.213292,0.241196,47.082621,-0.077081
8.129007,13.118000,0.000000,0.000000,0.000000,0.000000,-0.623769,-15.501061,0.213292,0.241196,47.082621,-0.077081
8.156026,13.118000,0.000000,0.000000,0.000000,0.000000,-0.623769,-15.501061,0.213292,0.241196,47.082621,-0.077081
8.183327,13.140000,0.000000,0.000000,0.000000,0.000000,-0.623769,-15.501061,0.213292,0.241196,47.082621,-0.077081
8.210794,13.136000,0.000000,0.000000,0.000000,0.000000,-1.550649,-11.345088,0.204426,-0.261453,42.579965,-0.037675
8.237664,13.144000,0.000000,0.000000,0.000000,0.000000,-1.550649,-11.345088,0.204426,-0.261453,42.579965,-0.037675
8.264081,13.144000,0.000000,0.000000,0.000000,0.000000,-1.550649,-11.345088,0.204426,-0.261453,42.579965,-0.037675
8.290339,13.144000,0.000000,0.000000,0.000000,0.000000,-1.550649,-11.345088,0.204426,-0.261453,42.579965,-0.037675
8.316926,13.153000,0.000000,0.000000,0.000000,0.000000,-2.242723,-8.008147,0.198541,-0.002466,34.079525,-0.001342
8.344100,13.153000,0.000000,0.000000,0.000000,0.000000,-2.242723,-8.008147,0.198541,-0.002466,34.079525,-0.001342
8.371272,13.158000,0.000000,0.000000,0.000000,0.000000,-2.242723,-8.008147,0.198541,-0.002466,34.079525,-0.001342
8.398547,13.158000,0.000000,0.000000,0.000000,0.000000,-2.242723,-8.008147,0.198541,-0.002466,34.079525,-0.001342
8.428188,13.144000,0.000000,0.000000,0.000000,0.000000,-2.806346,-5.681308,0.187424,-0.936069,23.922984,-0.118215
8.454940,13.158000,0.000000,0.000000,0.000000,0.000000,-3.202954,-3.893766,0.186065,-0.565923,18.301372,-0.013255
8.481444,13.158000,0.000000,0.000000,0.000000,0.000000,-3.202954,-3.893766,0.186065,-0.565923,18.301372,-0.013255
8.507942,13.166000,0.000000,0.000000,0.000000,0.000000,-3.202954,-3.893766,0.186065,-0.565923,18.301372,-0.013255
8.534402,13.162000,0.000000,0.000000,0.000000,0.000000,-3.202954,-3.893766,0.186065,-0.565923,18.301372,-0.013255
8.561237,13.171000,0.000000,0.000000,0.000000,0.000000,-3.202954,-3.893766,0.186065,-0.565923,18.301372,-0.013255
8.587737,13.171000,0.000000,0.000000,0.000000,0.000000,-3.414218,-3.153184,0.195807,-0.706150,7.668813,0.153376
8.614253,13.166000,0.000000,0.000000,0.000000,0.000000,-3.414218,-3.153184,0.195807,-0.706150,7.668813,0.153376
8.641165,13.171000,0.000000,0.000000,0.000000,0.000000,-3.414218,-3.153184,0.195807,-0.706150,7.668813,0.153376
8.668223,13.171000,0.000000,0.000000,0.000000,0.000000,-3.414218,-3.153184,0.195807,-0.706150,7.668813,0.153376
8.694713,13.158000,0.000000,0.000000,0.000000,0.000000,-3.444875,-3.141809,0.217904,-0.278584,0.171221,0.081189
8.721486,13.158000,0.000000,0.000000,0.000000,0.000000,-3.444875,-3.141809,0.217904,-0.278584,0.171221,0.081189
8.748154,13.193000,0.000000,0.000000,0.000000,0.000000,-3.444875,-3.141809,0.217904,-0.278584,0.171221,0.081189
8.774921,13.193000,0.000000,0.000000,0.000000,0.000000,-3.438710,-3.154560,0.216167,0.032636,-0.137820,-0.013869
8.801361,13.188000,0.000000,0.000000,0.000000,0.000000,-3.438710,-3.154560,0.216167,0.032636,-0.137820,-0.013869
8.828142,13.197000,0.000000,0.000000,0.000000,0.000000,-3.438710,-3.154560,0.216167,0.032636,-0.137820,-0.013869
8.854978,13.197000,0.000000,0.000000,0.000000,0.000000,-3.438710,-3.154560,0.216167,0.032636,-0.137820,-0.013869
8.881688,13.193000,0.000000,0.000000,0.000000,0.000000,-3.438709,-3.154559,0.215496,0.000007,0.000004,-0.000007
8.908358,13.197000,0.000000,0.000000,0.000000,0.000000,-3.438709,-3.154559,0.215496,0.000007,0.000004,-0.000007
8.935140,13.201000,0.000000,0.000000,0.000000,0.000000,-3.438709,-3.154559,0.215496,0.000007,0.000004,-0.000007
8.962216,13.197000,0.000000,0.000000,0.000000,0.000000,-3.438709,-3.154559,0.215496,0.000007,0.000004,-0.000007
8.989639,13.197000,0.000000,0.000000,0.000000,0.000000,-3.438710,-3.154558,0.215493,-0.000009,0.000010,0.000002
9.016750,13.197000,0.000000,0.000000,0.000000,0.000000,-3.438710,-3.154558,0.215493,-0.000009,0.000010,0.000002
9.043613,13.193000,0.000000,0.000000,0.000000,0.000000,-3.438710,-3.154558,0.215493,-0.000009,0.000010,0.000002
9.070558,13.197000,0.000000,0.000000,0.000000,0.000000,-3.438710,-3.154558,0.215493,-0.000009,0.000010,0.000002
9.097391,13.197000,0.000000,0.000000,0.000000,0.000000,-3.438710,-3.154558,0.215494,0.000000,-0.000000,-0.000000
9.124079,13.201000,0.000000,0.000000,0.000000,0.000000,-3.438710,-3.154558,0.215494,0.000000,-0.000000,-0.000000
9.150722,13.201000,0.000000,0.000000,0.000000,0.000000,-3.438710,-3.154558,0.215494,0.000000,-0.000000,-0.000000
9.177699,13.201000,0.000000,0.000000,0.000000,0.000000,-3.438710,-3.154558,0.215494,0.000000,-0.000000,-0.000000
9.205116,13.201000,0.000000,0.000000,0.000000,0.000000,-3.438710,-3.154558,0.215494,0.000000,-0.000000,-0.000000
9.232593,13.188000,0.000000,0.000000,0.000000,0.000000,-3.438710,-3.154558,0.215493,-0.000000,0.000000,0.000000
9.259716,13.188000,0.000000,0.000000,0.000000,0.000000,-3.438710,-3.154558,0.215493,-0.000000,0.000000,0.000000
9.286769,13.188000,0.000000,0.000000,0.000000,0.000000,-3.438710,-3.154558,0.215493,-0.000000,-0.000000,0.000000
9.313958,13.188000,0.000000,0.000000,0.000000,0.000000,-3.438710,-3.154558,0.215493,-0.000000,-0.000000,0.000000
9.340707,13.188000,0.000000,0.000000,0.000000,0.000000,-3.438710,-3.154558,0.215493,-0.000000,-0.000000,0.000000
9.367121,13.184000,0.000000,0.000000,0.000000,0.000000,-3.438710,-3.154558,0.215493,-0.000000,-0.000000,0.000000
9.393444,13.188000,0.000000,0.000000,0.000000,0.000000,-3.438710,-3.154558,0.215493,-0.000000,-0.000000,0.000000
9.421453,13.188000,0.000000,0.000000,0.000000,0.000000,-3.438710,-3.154558,0.215493,-0.000000,-0.000000,0.000000
9.448830,13.193000,0.000000,0.000000,0.000000,0.000000,-3.438710,-3.154558,0.215493,-0.000000,-0.000000,0.000000
9.475439,13.193000,0.000000,0.000000,0.000000,0.000000,-3.438710,-3.154558,0.215493,-0.000000,-0.000000,0.000000
9.502141,13.193000,0.000000,0.000000,0.000000,0.000000,-3.438710,-3.154558,0.215493,-0.000000,0.000000,0.000000
9.528696,13.188000,0.000000,0.000000,0.000000,0.000000,-3.438710,-3.154558,0.215493,-0.000000,0.000000,0.000000
9.555342,13.193000,0.000000,0.000000,0.000000,0.000000,-3.438710,-3.154558,0.215493,-0.000000,0.000000,0.000000
9.582078,13.193000,0.000000,0.000000,0.000000,0.000000,-3.438710,-3.154558,0.215493,-0.000000,0.000000,0.000000
9.608711,13.193000,0.000000,0.000000,0.000000,0.000000,-3.438710,-3.154558,0.215493,-0.000000,0.000000,0.000000
9.635888,13.193000,0.000000,0.000000,0.000000,0.000000,-3.438710,-3.154558,0.215493,-0.000000,0.000000,0.000000
9.663223,13.193000,0.000000,0.000000,0.000000,0.000000,-3.438710,-3.154558,0.215493,-0.000000,0.000000,0.000000
9.690707,13.193000,0.000000,0.000000,0.000000,0.000000,-3.438710,-3.154558,0.215493,0.000000,-0.000000,-0.000000
9.718950,13.193000,0.000000,0.000000,0.000000,0.000000,-3.438710,-3.154558,0.215493,0.000000,-0.000000,-0.000000
9.746153,13.193000,0.000000,0.000000,0.000000,0.000000,-3.438710,-3.154558,0.215493,0.000000,-0.000000,-0.000000
9.773307,13.210000,0.000000,0.000000,0.000000,0.000000,-3.438710,-3.154558,0.215493,0.000000,-0.000000,-0.000000
9.800633,13.210000,0.000000,0.000000,0.000000,0.000000,-3.438710,-3.154558,0.215493,-0.000000,-0.000000,0.000000
9.828091,13.210000,0.000000,0.000000,0.000000,0.000000,-3.438710,-3.154558,0.215493,-0.000000,-0.000000,0.000000
9.855269,13.210000,0.000000,0.000000,0.000000,0.000000,-3.438710,-3.154558,0.215493,-0.000000,-0.000000,0.000000
9.882331,13.210000,0.000000,0.000000,0.000000,0.000000,-3.438710,-3.154558,0.215493,0.000000,0.000000,-0.000000
9.908819,13.214000,0.000000,0.000000,0.000000,0.000000,-3.438710,-3.154558,0.215493,0.000000,0.000000,-0.000000
9.935369,13.214000,0.000000,0.000000,0.000000,0.000000,-3.438710,-3.154558,0.215493,0.000000,0.000000,-0.000000
9.961934,13.210000,0.000000,0.000000,0.000000,0.000000,-3.438710,-3.154558,0.215493,0.000000,0.000000,-0.000000
9.988238,13.210000,0.000000,0.000000,0.000000,0.000000,-3.438710,-3.154558,0.215493,-0.000000,0.000000,0.000000
10.014567,13.214000,0.000000,0.000000,0.000000,0.000000,-3.438710,-3.154558,0.215493,-0.000000,0.000000,0.000000
10.041079,13.214000,0.000000,0.000000,0.000000,0.000000,-3.438710,-3.154558,0.215493,-0.000000,0.000000,0.000000
10.067694,13.214000,0.000000,0.000000,0.000000,0.000000,-3.438710,-3.154558,0.215493,-0.000000,0.000000,0.000000
10.094151,13.214000,0.000000,0.000000,0.000000,0.000000,-3.438710,-3.154558,0.215493,0.000000,-0.000000,-0.000000
10.121069,13.214000,0.000000,0.000000,0.000000,0.000000,-3.438710,-3.154558,0.215493,0.000000,-0.000000,-0.000000
10.148076,13.214000,0.000000,0.000000,0.000000,0.000000,-3.438710,-3.154558,0.215493,0.000000,-0.000000,-0.000000
10.174581,13.219000,0.000000,0.000000,0.000000,0.000000,-3.438710,-3.154558,0.215493,-0.000000,0.000000,0.000000
10.201223,13.219000,0.000000,0.000000,0.000000,0.000000,-3.438710,-3.154558,0.215493,-0.000000,0.000000,0.000000
10.228029,13.214000,0.000000,0.000000,0.000000,0.000000,-3.438710,-3.154558,0.215493,-0.000000,0.000000,0.000000
10.254569,13.214000,0.000000,0.000000,0.000000,0.000000,-3.438710,-3.154558,0.215493,-0.000000,0.000000,0.000000
10.281512,13.219000,0.000000,0.000000,0.000000,0.000000,-3.438710,-3.154558,0.215493,0.000000,0.000000,0.000000
10.309122,13.206000,0.000000,0.000000,0.000000,0.000000,-3.438710,-3.154558,0.215493,0.000000,0.000000,0.000000
10.337892,13.197000,0.000000,0.000000,0.000000,0.000000,-3.438710,-3.154558,0.215493,0.000000,0.000000,0.000000
10.366481,13.201000,0.000000,0.000000,0.000000,0.000000,-3.438710,-3.154558,0.215493,0.000000,0.000000,0.000000
10.394430,13.206000,0.000000,0.000000,0.000000,0.000000,-3.438710,-3.154558,0.215493,0.000000,0.000000,0.000000
10.421990,13.206000,0.000000,0.000000,0.000000,0.000000,-3.438710,-3.154558,0.215493,0.000000,0.000000,-0.000000
10.448652,13.201000,0.000000,0.000000,0.000000,0.000000,-3.438710,-3.154558,0.215493,0.000000,0.000000,-0.000000
10.475109,13.201000,0.000000,0.000000,0.000000,0.000000,-3.438710,-3.154558,0.215493,-0.000000,0.000000,0.000000
10.501634,13.201000,0.000000,0.000000,0.000000,0.000000,-3.438710,-3.154558,0.215493,-0.000000,0.000000,0.000000
10.528204,13.201000,0.000000,0.000000,0.000000,0.000000,-3.438710,-3.154558,0.215493,-0.000000,0.000000,0.000000
10.554866,13.201000,0.000000,0.000000,0.000000,0.000000,-3.438710,-3.154558,0.215493,-0.000000,0.000000,0.000000
10.581881,13.201000,0.000000,0.000000,0.000000,0.000000,-3.438710,-3.154558,0.215493,0.000000,-0.000000,-0.000000
10.608398,13.201000,0.000000,0.000000,0.000000,0.000000,-3.438710,-3.154558,0.215493,0.000000,-0.000000,-0.000000
10.634825,13.206000,0.000000,0.000000,0.000000,0.000000,-3.438710,-3.154558,0.215493,0.000000,-0.000000,-0.000000
10.661845,13.206000,0.000000,0.000000,0.000000,0.000000,-3.438710,-3.154558,0.215493,0.000000,-0.000000,-0.000000
10.689187,13.206000,0.000000,0.000000,0.000000,0.000000,-3.438710,-3.154558,0.215493,0.000000,-0.000000,0.000000
10.715818,13.210000,0.000000,0.000000,0.000000,0.000000,-3.438710,-3.154558,0.215493,0.000000,-0.000000,0.000000
10.743031,13.206000,0.000000,0.000000,0.000000,0.000000,-3.438710,-3.154558,0.215493,0.000000,-0.000000,0.000000
10.769578,13.206000,0.000000,0.000000,0.000000,0.000000,-3.438710,-3.154558,0.215493,0.000000,-0.000000,-0.000000
10.796554,13.219000,0.000000,0.000000,0.000000,0.000000,-3.438710,-3.154558,0.215493,0.000000,-0.000000,-0.000000
10.823379,13.223000,0.000000,0.000000,0.000000,0.000000,-3.438710,-3.154558,0.215493,0.000000,-0.000000,-0.000000
10.850399,13.223000,0.000000,0.000000,0.000000,0.000000,-3.438710,-3.154558,0.215493,0.000000,-0.000000,-0.000000
10.877852,13.223000,0.000000,0.000000,0.000000,0.000000,-3.438710,-3.154558,0.215493,0.000000,-0.000000,-0.000000
10.906306,13.227000,0.000000,0.000000,0.000000,0.000000,-3.438710,-3.154558,0.215493,0.000000,0.000000,-0.000000
10.935873,13.223000,0.000000,0.000000,0.000000,0.000000,-3.438710,-3.154558,0.215493,0.000000,0.000000,-0.000000
10.963983,13.223000,0.000000,0.000000,0.000000,0.000000,-3.438710,-3.154558,0.215493,0.000000,0.000000,-0.000000
10.991242,13.223000,0.000000,0.000000,0.000000,0.000000,-3.438710,-3.154558,0.215493,0.000000,-0.000000,-0.000000
11.018167,13.227000,0.000000,0.000000,0.000000,0.000000,-3.438710,-3.154558,0.215493,0.000000,-0.000000,-0.000000
11.045749,13.223000,0.000000,0.000000,0.000000,0.000000,-3.438710,-3.154558,0.215493,0.000000,-0.000000,-0.000000
11.073014,13.223000,0.000000,0.000000,0.000000,0.000000,-3.438710,-3.154558,0.215493,0.000000,-0.000000,-0.000000
11.099502,13.223000,0.000000,0.000000,0.000000,0.000000,-3.438710,-3.154558,0.215493,0.000000,-0.000000,0.000000
11.125791,13.219000,0.000000,0.000000,0.000000,0.000000,-3.438710,-3.154558,0.215493,0.000000,-0.000000,0.000000
11.152353,13.219000,0.000000,0.000000,0.000000,0.000000,-3.438710,-3.154558,0.215493,-0.000000,-0.000000,0.000000
11.178283,13.223000,0.000000,0.000000,0.000000,0.000000,-3.438710,-3.154558,0.215493,-0.000000,-0.000000,0.000000
11.204425,13.223000,0.000000,0.000000,0.000000,0.000000,-3.438710,-3.154558,0.215493,-0.000000,-0.000000,0.000000
11.230563,13.214000,0.000000,0.000000,0.000000,0.000000,-3.438710,-3.154558,0.215493,-0.000000,-0.000000,0.000000
11.256610,13.227000,0.000000,0.000000,0.000000,0.000000,-3.438710,-3.154558,0.215493,-0.000000,-0.000000,0.000000
11.282606,13.206000,0.000000,0.000000,0.000000,0.000000,-3.438710,-3.154558,0.215493,-0.000000,-0.000000,0.000000
11.308625,13.206000,0.000000,0.000000,0.000000,0.000000,-3.438710,-3.154558,0.215493,-0.000000,-0.000000,0.000000
11.334701,13.210000,0.000000,0.000000,0.000000,0.000000,-3.438710,-3.154558,0.215493,-0.000000,-0.000000,0.000000
11.360812,13.206000,0.000000,0.000000,0.000000,0.000000,-3.438710,-3.154558,0.215493,-0.000000,0.000000,0.000000
11.387196,13.210000,0.000000,0.000000,0.000000,0.000000,-3.438710,-3.154558,0.215493,-0.000000,0.000000,0.000000
11.413787,13.210000,0.000000,0.000000,0.000000,0.000000,-3.438710,-3.154558,0.215493,-0.000000,0.000000,0.000000
11.440402,13.210000,0.000000,0.000000,0.000000,0.000000,-3.438710,-3.154558,0.215493,-0.000000,0.000000,0.000000
11.467067,13.210000,0.000000,0.000000,0.000000,0.000000,-3.438710,-3.154558,0.215493,-0.000000,-0.000000,0.000000
11.493578,13.210000,0.000000,0.000000,0.000000,0.000000,-3.438710,-3.154558,0.215493,-0.000000,-0.000000,0.000000
11.520097,13.210000,0.000000,0.000000,0.000000,0.000000,-3.438710,-3.154558,0.215493,-0.000000,-0.000000,0.000000
11.546839,13.210000,0.000000,0.000000,0.000000,0.000000,-3.438710,-3.154558,0.215493,-0.000000,-0.000000,0.000000
11.573507,13.206000,0.000000,0.000000,0.000000,0.000000,-3.438710,-3.154558,0.215493,-0.000000,-0.000000,0.000000
11.600194,13.210000,0.000000,0.000000,0.000000,0.000000,-3.438710,-3.154558,0.215493,-0.000000,0.000000,0.000000
11.627132,13.210000,0.000000,0.000000,0.000000,0.000000,-3.438710,-3.154558,0.215493,-0.000000,0.000000,0.000000
11.657252,13.210000,0.000000,0.000000,0.000000,0.000000,-3.438710,-3.154558,0.215493,-0.000000,0.000000,0.000000
11.684638,13.210000,0.000000,0.000000,0.000000,0.000000,-3.438710,-3.154558,0.215493,-0.000000,0.000000,0.000000
11.711955,13.210000,0.000000,0.000000,0.000000,0.000000,-3.438710,-3.154558,0.215493,-0.000000,0.000000,0.000000
11.738947,13.210000,0.000000,0.000000,0.000000,0.000000,-3.438710,-3.154558,0.215493,-0.000000,0.000000,0.000000
11.765824,13.214000,0.000000,0.000000,0.000000,0.000000,-3.438710,-3.154558,0.215493,-0.000000,0.000000,0.000000
11.792332,13.206000,0.000000,0.000000,0.000000,0.000000,-3.438710,-3.154558,0.215493,0.000000,0.000000,-0.000000
11.818929,13.206000,0.000000,0.000000,0.000000,0.000000,-3.438710,-3.154558,0.215493,0.000000,0.000000,-0.000000
11.845709,13.219000,0.000000,0.000000,0.000000,0.000000,-3.438710,-3.154558,0.215493,0.000000,0.000000,-0.000000
11.872898,13.232000,0.000000,0.000000,0.000000,0.000000,-3.438710,-3.154558,0.215493,0.000000,0.000000,-0.000000
11.899383,13.232000,0.000000,0.000000,0.000000,0.000000,-3.438710,-3.154558,0.215493,0.000000,0.000000,-0.000000
11.925931,13.232000,0.000000,0.000000,0.000000,0.000000,-3.438710,-3.154558,0.215493,0.000000,-0.000000,0.000000
11.952363,13.227000,0.000000,0.000000,0.000000,0.000000,-3.438710,-3.154558,0.215493,0.000000,-0.000000,0.000000
11.978864,13.227000,0.000000,0.000000,0.000000,0.000000,-3.438710,-3.154558,0.215493,0.000000,-0.000000,0.000000
12.005888,13.227000,0.000000,0.000000,0.000000,0.000000,-3.438710,-3.154558,0.215493,0.000000,-0.000000,-0.000000
12.032217,13.232000,0.000000,0.000000,0.000000,0.000000,-3.438710,-3.154558,0.215493,0.000000,-0.000000,-0.000000
12.058643,13.232000,0.000000,0.000000,0.000000,0.000000,-3.438710,-3.154558,0.215493,0.000000,-0.000000,-0.000000
12.084953,13.232000,0.000000,0.000000,0.000000,0.000000,-3.438710,-3.154558,0.215493,0.000000,-0.000000,-0.000000
12.111387,13.232000,0.000000,0.000000,0.000000,0.000000,-3.438710,-3.154558,0.215493,-0.000000,-0.000000,0.000000
12.138215,13.232000,0.000000,0.000000,0.000000,0.000000,-3.438710,-3.154558,0.215493,-0.000000,-0.000000,0.000000
12.164995,13.227000,0.000000,0.000000,0.000000,0.000000,-3.438710,-3.154558,0.215493,-0.000000,0.000000,0.000000
12.191750,13.232000,0.000000,0.000000,0.000000,0.000000,-3.438710,-3.154558,0.215493,-0.000000,0.000000,0.000000
12.219326,13.227000,0.000000,0.000000,0.000000,0.000000,-3.438710,-3.154558,0.215493,-0.000000,0.000000,0.000000
12.246294,13.227000,0.000000,0.000000,0.000000,0.000000,-3.438710,-3.154558,0.215493,-0.000000,0.000000,0.000000
12.272851,13.227000,0.000000,0.000000,0.000000,0.000000,-3.438710,-3.154558,0.215493,-0.000000,0.000000,0.000000
12.299169,13.232000,0.000000,0.000000,0.000000,0.000000,-3.438710,-3.154558,0.215493,0.000000,0.000000,-0.000000
12.325160,13.227000,0.000000,0.000000,0.000000,0.000000,-3.438710,-3.154558,0.215493,0.000000,0.000000,-0.000000
12.351336,13.227000,0.000000,0.000000,0.000000,0.000000,-3.438710,-3.154558,0.215493,0.000000,0.000000,-0.000000
12.377880,13.219000,0.000000,0.000000,0.000000,0.000000,-3.438710,-3.154558,0.215493,0.000000,0.000000,-0.000000
12.404208,13.214000,0.000000,0.000000,0.000000,0.000000,-3.438710,-3.154558,0.215493,-0.000000,0.000000,0.000000
12.430467,13.214000,0.000000,0.000000,0.000000,0.000000,-3.438710,-3.154558,0.215493,-0.000000,0.000000,0.000000
12.456898,13.214000,0.000000,0.000000,0.000000,0.000000,-3.438710,-3.154558,0.215493,-0.000000,0.000000,0.000000
12.483757,13.214000,0.000000,0.000000,0.000000,0.000000,-3.438710,-3.154558,0.215493,0.000000,-0.000000,-0.000000
12.510082,13.214000,0.000000,0.000000,0.000000,0.000000,-3.438710,-3.154558,0.215493,0.000000,-0.000000,-0.000000
12.536462,13.214000,0.000000,0.000000,0.000000,0.000000,-3.438710,-3.154558,0.215493,0.000000,-0.000000,-0.000000
12.563212,13.210000,0.000000,0.000000,0.000000,0.000000,-3.438710,-3.154558,0.215493,0.000000,-0.000000,-0.000000
12.589589,13.210000,0.000000,0.000000,0.000000,0.000000,-3.438710,-3.154558,0.215493,0.000000,-0.000000,-0.000000
12.616005,13.214000,0.000000,0.000000,0.000000,0.000000,-3.438710,-3.154558,0.215493,0.000000,-0.000000,-0.000000
12.642792,13.214000,0.000000,0.000000,0.000000,0.000000,-3.438710,-3.154558,0.215493,0.000000,-0.000000,-0.000000
12.669204,13.214000,0.000000,0.000000,0.000000,0.000000,-3.438710,-3.154558,0.215493,0.000000,-0.000000,-0.000000
12.695594,13.219000,0.000000,0.000000,0.000000,0.000000,-3.438710,-3.154558,0.215493,0.000000,-0.000000,-0.000000
12.721904,13.219000,0.000000,0.000000,0.000000,0.000000,-3.438710,-3.154558,0.215493,-0.000000,0.000000,-0.000000
12.748259,13.214000,0.000000,0.000000,0.000000,0.000000,-3.438710,-3.154558,0.215493,-0.000000,0.000000,-0.000000
12.774450,13.219000,0.000000,0.000000,0.000000,0.000000,-3.438710,-3.154558,0.215493,-0.000000,0.000000,-0.000000
12.800718,13.214000,0.000000,0.000000,0.000000,0.000000,-3.438710,-3.154558,0.215493,-0.000000,-0.000000,0.000000
12.827075,13.214000,0.000000,0.000000,0.000000,0.000000,-3.438710,-3.154558,0.215493,-0.000000,-0.000000,0.000000
12.853298,13.214000,0.000000,0.000000,0.000000,0.000000,-3.438710,-3.154558,0.215493,-0.000000,-0.000000,0.000000
12.879618,13.232000,0.000000,0.000000,0.000000,0.000000,-3.438710,-3.154558,0.215493,0.000000,0.000000,0.000000
12.906026,13.232000,0.000000,0.000000,0.000000,0.000000,-3.438710,-3.154558,0.215493,0.000000,0.000000,0.000000
12.932965,13.232000,0.000000,0.000000,0.000000,0.000000,-3.438710,-3.154558,0.215493,0.000000,0.000000,0.000000
12.959760,13.236000,0.000000,0.000000,0.000000,0.000000,-3.438710,-3.154558,0.215493,-0.000000,0.000000,0.000000
12.986567,13.219000,0.000000,0.000000,0.000000,0.000000,-3.438710,-3.154558,0.215493,-0.000000,0.000000,0.000000
13.013440,13.232000,0.000000,0.000000,0.000000,0.000000,-3.438710,-3.154558,0.215493,-0.000000,0.000000,0.000000
13.040303,13.232000,0.000000,0.000000,0.000000,0.000000,-3.438710,-3.154558,0.215493,-0.000000,0.000000,0.000000
